{"products":[{"id":"0.7846047985788309","qty":1}],"totalPrice":19.209999999999987}